epoch,time,train/box_loss,train/cls_loss,train/dfl_loss,train/angle_loss,metrics/precision(B),metrics/recall(B),metrics/mAP50(B),metrics/mAP50-95(B),val/box_loss,val/cls_loss,val/dfl_loss,val/angle_loss,lr/pg0,lr/pg1,lr/pg2,lr/pg3,lr/pg4,lr/pg5,lr/pg6,lr/pg7
1,37.6515,2.47736,3.77753,1.71434,0.41152,0,0,0,0,1.49114,3.40924,1.13174,0.45959,0.0097561,0.00325203,0.0097561,0.00325203,0.0097561,0.00325203,0.0097561,0.00325203
2,56.5709,1.53281,2.02686,1.22031,0.1574,0.03533,0.11385,0.02321,0.00369,1.34782,2.16901,1.06921,0.16597,0.0196909,0.00656363,0.0196909,0.00656363,0.0196909,0.00656363,0.0196909,0.00656363
3,77.3297,1.43271,1.8937,1.17268,0.0995,0.18035,0.14485,0.04004,0.00762,1.29718,3.19293,1.07969,0.1015,0.0295597,0.00985324,0.0295597,0.00985324,0.0295597,0.00985324,0.0295597,0.00985324
4,116.654,1.35074,1.79154,1.13513,0.08041,0.36166,0.12294,0.02782,0.00525,1.22509,11.937,1.05178,0.08318,0.029703,0.009901,0.029703,0.009901,0.029703,0.009901,0.029703,0.009901
5,143.336,1.27159,1.67113,1.11001,0.06996,0.49682,0.12915,0.05002,0.00906,1.12119,3.46621,1.00037,0.06081,0.029604,0.009868,0.029604,0.009868,0.029604,0.009868,0.029604,0.009868
6,165.848,1.20709,1.61373,1.09514,0.06605,0.49269,0.14674,0.06029,0.01101,1.0631,2.58338,0.99766,0.09026,0.029505,0.009835,0.029505,0.009835,0.029505,0.009835,0.029505,0.009835
7,186.508,1.18057,1.5685,1.07956,0.06797,0.13804,0.17314,0.08356,0.01833,0.94519,1.52465,0.95738,0.04386,0.029406,0.009802,0.029406,0.009802,0.029406,0.009802,0.029406,0.009802
8,206.431,1.14054,1.52744,1.05946,0.06674,0.1226,0.16647,0.07701,0.01572,0.94678,1.52949,0.96032,0.05921,0.029307,0.009769,0.029307,0.009769,0.029307,0.009769,0.029307,0.009769
9,227.285,1.12077,1.51838,1.06088,0.06461,0.43468,0.15701,0.08016,0.01589,0.90483,1.60347,0.93596,0.04694,0.029208,0.009736,0.029208,0.009736,0.029208,0.009736,0.029208,0.009736
10,246.843,1.0989,1.47771,1.03771,0.06332,0.566,0.14802,0.0819,0.01893,0.90853,1.50898,0.88166,0.07946,0.029109,0.009703,0.029109,0.009703,0.029109,0.009703,0.029109,0.009703
11,266.471,1.08087,1.47017,1.00163,0.07407,0.44934,0.16906,0.09249,0.0189,0.91947,1.3448,0.88728,0.06794,0.02901,0.00967,0.02901,0.00967,0.02901,0.00967,0.02901,0.00967
12,287.022,1.06844,1.45823,0.97165,0.07159,0.23975,0.18101,0.09389,0.01849,0.89991,1.35511,0.87651,0.04541,0.028911,0.009637,0.028911,0.009637,0.028911,0.009637,0.028911,0.009637
13,309.543,1.05211,1.44346,0.95849,0.06829,0.34386,0.15431,0.07743,0.01557,0.94636,1.74497,0.88111,0.05581,0.028812,0.009604,0.028812,0.009604,0.028812,0.009604,0.028812,0.009604
14,330.244,1.04307,1.42752,0.94769,0.06834,0.35899,0.17971,0.09723,0.01886,0.94483,1.38674,0.87065,0.04047,0.028713,0.009571,0.028713,0.009571,0.028713,0.009571,0.028713,0.009571
15,350.116,1.01981,1.40326,0.94011,0.05904,0.35068,0.19148,0.10317,0.02051,0.84523,1.29734,0.8545,0.04426,0.028614,0.009538,0.028614,0.009538,0.028614,0.009538,0.028614,0.009538
16,370.275,1.004,1.3918,0.9371,0.06125,0.38023,0.19885,0.11488,0.02486,0.82499,1.27305,0.84165,0.04536,0.028515,0.009505,0.028515,0.009505,0.028515,0.009505,0.028515,0.009505
17,390.073,0.98713,1.38496,0.93196,0.0591,0.16091,0.21345,0.11984,0.02721,0.79425,1.18611,0.83493,0.03446,0.028416,0.009472,0.028416,0.009472,0.028416,0.009472,0.028416,0.009472
18,409.985,0.98186,1.38102,0.92639,0.05668,0.35399,0.21149,0.09966,0.02045,0.86365,1.32286,0.84825,0.03323,0.028317,0.009439,0.028317,0.009439,0.028317,0.009439,0.028317,0.009439
19,429.542,0.98449,1.37847,0.93069,0.05665,0.51108,0.185,0.1236,0.02896,0.78652,1.22133,0.83351,0.03246,0.028218,0.009406,0.028218,0.009406,0.028218,0.009406,0.028218,0.009406
20,449.037,0.97812,1.36454,0.92721,0.05478,0.18303,0.22785,0.11411,0.02356,0.82122,1.31166,0.84081,0.04619,0.028119,0.009373,0.028119,0.009373,0.028119,0.009373,0.028119,0.009373
21,468.34,0.96844,1.3534,0.92813,0.05541,0.48218,0.2235,0.1372,0.03111,0.7816,1.16561,0.83271,0.02894,0.02802,0.00934,0.02802,0.00934,0.02802,0.00934,0.02802,0.00934
22,488.01,0.96245,1.35321,0.9266,0.05541,0.36311,0.23758,0.11114,0.02306,0.85699,1.37423,0.85531,0.03233,0.027921,0.009307,0.027921,0.009307,0.027921,0.009307,0.027921,0.009307
23,507.02,0.94972,1.33173,0.92214,0.05264,0.21194,0.2383,0.13545,0.03073,0.78828,1.19011,0.83593,0.03381,0.027822,0.009274,0.027822,0.009274,0.027822,0.009274,0.027822,0.009274
24,526.61,0.94383,1.33525,0.92398,0.05632,0.49271,0.21376,0.13356,0.03083,0.78406,1.18269,0.8353,0.036,0.027723,0.009241,0.027723,0.009241,0.027723,0.009241,0.027723,0.009241
25,546.192,0.94545,1.33477,0.92214,0.05195,0.39216,0.23607,0.13911,0.03029,0.77102,1.14202,0.82906,0.0278,0.027624,0.009208,0.027624,0.009208,0.027624,0.009208,0.027624,0.009208
26,566.044,0.94746,1.31081,0.92049,0.04886,0.29814,0.22694,0.13098,0.02939,0.7999,1.20536,0.85006,0.03284,0.027525,0.009175,0.027525,0.009175,0.027525,0.009175,0.027525,0.009175
27,585.34,0.93586,1.32122,0.91976,0.05009,0.27482,0.23748,0.12433,0.02609,0.83041,1.28087,0.8445,0.03297,0.027426,0.009142,0.027426,0.009142,0.027426,0.009142,0.027426,0.009142
28,604.832,0.93506,1.31494,0.92004,0.04993,0.37055,0.21996,0.14038,0.03236,0.77361,1.14369,0.83192,0.02768,0.027327,0.009109,0.027327,0.009109,0.027327,0.009109,0.027327,0.009109
29,623.686,0.92167,1.30882,0.91532,0.05005,0.34353,0.23322,0.15755,0.03755,0.74532,1.1113,0.8237,0.02645,0.027228,0.009076,0.027228,0.009076,0.027228,0.009076,0.027228,0.009076
30,643.04,0.91753,1.29607,0.91449,0.04887,0.29261,0.22475,0.12056,0.0266,0.76692,1.18393,0.83139,0.0305,0.027129,0.009043,0.027129,0.009043,0.027129,0.009043,0.027129,0.009043
31,662.474,0.9107,1.30172,0.91545,0.05003,0.36261,0.23059,0.14067,0.03096,0.78824,1.14268,0.83338,0.02767,0.02703,0.00901,0.02703,0.00901,0.02703,0.00901,0.02703,0.00901
32,681.826,0.92062,1.30038,0.91586,0.04818,0.29489,0.23083,0.13526,0.02855,0.79084,1.18491,0.83457,0.03268,0.026931,0.008977,0.026931,0.008977,0.026931,0.008977,0.026931,0.008977
33,700.845,0.92662,1.3046,0.91886,0.04989,0.37339,0.2297,0.11166,0.02213,0.80084,1.18821,0.83999,0.03095,0.026832,0.008944,0.026832,0.008944,0.026832,0.008944,0.026832,0.008944
34,720.266,0.90766,1.28961,0.91158,0.0464,0.39726,0.22483,0.13549,0.02989,0.81737,1.24952,0.83922,0.03106,0.026733,0.008911,0.026733,0.008911,0.026733,0.008911,0.026733,0.008911
35,739.435,0.9134,1.30002,0.91498,0.05189,0.24185,0.25385,0.16333,0.03821,0.7415,1.08247,0.82841,0.02635,0.026634,0.008878,0.026634,0.008878,0.026634,0.008878,0.026634,0.008878
36,759.02,0.90415,1.2705,0.91204,0.04837,0.28701,0.23296,0.13797,0.02883,0.80975,1.28888,0.84095,0.02902,0.026535,0.008845,0.026535,0.008845,0.026535,0.008845,0.026535,0.008845
37,777.933,0.90133,1.28252,0.91443,0.05053,0.42568,0.256,0.15886,0.03658,0.7368,1.13008,0.82204,0.02717,0.026436,0.008812,0.026436,0.008812,0.026436,0.008812,0.026436,0.008812
38,797.599,0.90249,1.28382,0.91165,0.04636,0.24822,0.23307,0.09686,0.01933,0.84866,1.46659,0.85335,0.03213,0.026337,0.008779,0.026337,0.008779,0.026337,0.008779,0.026337,0.008779
39,817.156,0.89193,1.27247,0.9096,0.04568,0.31256,0.25014,0.15184,0.0321,0.7473,1.18467,0.82507,0.02632,0.026238,0.008746,0.026238,0.008746,0.026238,0.008746,0.026238,0.008746
40,836.975,0.90345,1.27482,0.90995,0.04641,0.44992,0.21694,0.13571,0.02847,0.78913,1.22529,0.83693,0.03088,0.026139,0.008713,0.026139,0.008713,0.026139,0.008713,0.026139,0.008713
41,856.787,0.89521,1.27875,0.91128,0.04599,0.33666,0.24651,0.16797,0.03931,0.74622,1.12344,0.82348,0.02586,0.02604,0.00868,0.02604,0.00868,0.02604,0.00868,0.02604,0.00868
42,875.888,0.88356,1.25954,0.90553,0.04535,0.35857,0.28295,0.18096,0.04326,0.7236,1.07241,0.82135,0.02589,0.025941,0.008647,0.025941,0.008647,0.025941,0.008647,0.025941,0.008647
43,895.355,0.89517,1.25574,0.90716,0.04474,0.34179,0.23599,0.16496,0.03963,0.71866,1.09572,0.82188,0.02623,0.025842,0.008614,0.025842,0.008614,0.025842,0.008614,0.025842,0.008614
44,914.249,0.87997,1.24452,0.90779,0.04652,0.34716,0.24661,0.16215,0.03715,0.74973,1.162,0.82485,0.02942,0.025743,0.008581,0.025743,0.008581,0.025743,0.008581,0.025743,0.008581
45,933.903,0.88121,1.24867,0.90302,0.04484,0.28209,0.28972,0.17512,0.04056,0.72566,1.10636,0.82131,0.02589,0.025644,0.008548,0.025644,0.008548,0.025644,0.008548,0.025644,0.008548
46,953.982,0.88568,1.24955,0.90766,0.04559,0.52196,0.21093,0.15218,0.03308,0.77561,1.19602,0.83638,0.02824,0.025545,0.008515,0.025545,0.008515,0.025545,0.008515,0.025545,0.008515
47,973.49,0.88099,1.24655,0.90614,0.04417,0.52647,0.232,0.15876,0.03685,0.73588,1.13477,0.82807,0.02964,0.025446,0.008482,0.025446,0.008482,0.025446,0.008482,0.025446,0.008482
48,992.641,0.88811,1.25511,0.90664,0.04396,0.27529,0.25593,0.17545,0.04383,0.72944,1.10184,0.82196,0.0261,0.025347,0.008449,0.025347,0.008449,0.025347,0.008449,0.025347,0.008449
49,1012.08,0.88004,1.24707,0.90726,0.04377,0.40011,0.25865,0.18804,0.04248,0.71365,1.07734,0.81938,0.02397,0.025248,0.008416,0.025248,0.008416,0.025248,0.008416,0.025248,0.008416
50,1031.98,0.87788,1.24207,0.90554,0.04404,0.24935,0.26081,0.18072,0.04199,0.72651,1.09456,0.82202,0.02495,0.025149,0.008383,0.025149,0.008383,0.025149,0.008383,0.025149,0.008383
51,1050.89,0.8755,1.24068,0.90663,0.04464,0.26699,0.25276,0.16808,0.04101,0.72737,1.07631,0.82127,0.02571,0.02505,0.00835,0.02505,0.00835,0.02505,0.00835,0.02505,0.00835
52,1069.82,0.86567,1.23654,0.9025,0.044,0.31041,0.24762,0.15298,0.03305,0.76282,1.22687,0.83331,0.02603,0.024951,0.008317,0.024951,0.008317,0.024951,0.008317,0.024951,0.008317
53,1089.3,0.86866,1.22282,0.90345,0.04186,0.23576,0.25186,0.15438,0.03288,0.75598,1.11173,0.83308,0.02889,0.024852,0.008284,0.024852,0.008284,0.024852,0.008284,0.024852,0.008284
54,1108.83,0.87695,1.22139,0.90515,0.04423,0.36536,0.26197,0.18385,0.04264,0.72636,1.05579,0.81964,0.02366,0.024753,0.008251,0.024753,0.008251,0.024753,0.008251,0.024753,0.008251
55,1128.42,0.86556,1.21762,0.90195,0.04048,0.2583,0.28009,0.17029,0.0419,0.72321,1.10336,0.82107,0.02564,0.024654,0.008218,0.024654,0.008218,0.024654,0.008218,0.024654,0.008218
56,1147.74,0.8555,1.22066,0.90134,0.04292,0.25838,0.27967,0.18609,0.04159,0.71962,1.07088,0.81842,0.02506,0.024555,0.008185,0.024555,0.008185,0.024555,0.008185,0.024555,0.008185
57,1166.88,0.86793,1.22125,0.9048,0.04197,0.34754,0.25242,0.16839,0.03754,0.73228,1.1701,0.82629,0.02483,0.024456,0.008152,0.024456,0.008152,0.024456,0.008152,0.024456,0.008152
58,1186.27,0.86004,1.22081,0.90217,0.04335,0.28895,0.24823,0.18301,0.04173,0.74232,1.06677,0.82677,0.02509,0.024357,0.008119,0.024357,0.008119,0.024357,0.008119,0.024357,0.008119
59,1205.62,0.85761,1.21849,0.90455,0.04334,0.28585,0.24126,0.18419,0.04162,0.74035,1.09927,0.83088,0.0267,0.024258,0.008086,0.024258,0.008086,0.024258,0.008086,0.024258,0.008086
60,1225.27,0.85767,1.22456,0.90319,0.04313,0.23738,0.297,0.16845,0.03806,0.72726,1.12843,0.8219,0.0234,0.024159,0.008053,0.024159,0.008053,0.024159,0.008053,0.024159,0.008053
61,1244.89,0.84997,1.19793,0.89511,0.04116,0.24199,0.26703,0.17719,0.03811,0.73748,1.13161,0.82265,0.02565,0.02406,0.00802,0.02406,0.00802,0.02406,0.00802,0.02406,0.00802
62,1264.11,0.86185,1.21708,0.89965,0.04252,0.27741,0.26085,0.18069,0.03987,0.71297,1.09285,0.82006,0.02248,0.023961,0.007987,0.023961,0.007987,0.023961,0.007987,0.023961,0.007987
63,1283.61,0.85847,1.20616,0.89975,0.03977,0.27603,0.27632,0.18207,0.04244,0.70128,1.04874,0.81842,0.02403,0.023862,0.007954,0.023862,0.007954,0.023862,0.007954,0.023862,0.007954
64,1303.17,0.85611,1.20192,0.89931,0.04162,0.34332,0.26536,0.18473,0.04402,0.72868,1.14594,0.82071,0.02316,0.023763,0.007921,0.023763,0.007921,0.023763,0.007921,0.023763,0.007921
65,1322.68,0.85996,1.20409,0.90123,0.04218,0.36316,0.24546,0.17185,0.03801,0.73592,1.12529,0.82573,0.02439,0.023664,0.007888,0.023664,0.007888,0.023664,0.007888,0.023664,0.007888
66,1342.13,0.84599,1.19386,0.8977,0.04005,0.26412,0.28424,0.18031,0.04263,0.72817,1.06234,0.82194,0.02397,0.023565,0.007855,0.023565,0.007855,0.023565,0.007855,0.023565,0.007855
67,1361.72,0.86137,1.21264,0.90294,0.04383,0.27848,0.28931,0.19802,0.04769,0.70231,1.05554,0.81531,0.02212,0.023466,0.007822,0.023466,0.007822,0.023466,0.007822,0.023466,0.007822
68,1381.19,0.8532,1.20358,0.89959,0.04288,0.27419,0.28365,0.19293,0.04305,0.71106,1.06161,0.817,0.02298,0.023367,0.007789,0.023367,0.007789,0.023367,0.007789,0.023367,0.007789
69,1400.51,0.85104,1.20485,0.90361,0.04102,0.26169,0.27981,0.1652,0.03577,0.76326,1.15755,0.83553,0.03029,0.023268,0.007756,0.023268,0.007756,0.023268,0.007756,0.023268,0.007756
70,1419.7,0.85039,1.19744,0.90167,0.04096,0.25154,0.27656,0.17272,0.03872,0.74723,1.13846,0.82951,0.02589,0.023169,0.007723,0.023169,0.007723,0.023169,0.007723,0.023169,0.007723
71,1439.09,0.85231,1.20231,0.89961,0.04069,0.28462,0.29357,0.20388,0.04821,0.7051,1.0297,0.81656,0.02205,0.02307,0.00769,0.02307,0.00769,0.02307,0.00769,0.02307,0.00769
72,1458.77,0.84265,1.17941,0.89773,0.03916,0.30752,0.27544,0.19429,0.04618,0.7043,1.04726,0.81853,0.02382,0.022971,0.007657,0.022971,0.007657,0.022971,0.007657,0.022971,0.007657
73,1478.2,0.85246,1.19387,0.90357,0.04171,0.28962,0.27235,0.19548,0.04399,0.7074,1.05871,0.82402,0.02489,0.022872,0.007624,0.022872,0.007624,0.022872,0.007624,0.022872,0.007624
74,1497.3,0.84639,1.188,0.9,0.04164,0.3026,0.25805,0.18745,0.04186,0.71219,1.03448,0.81918,0.02347,0.022773,0.007591,0.022773,0.007591,0.022773,0.007591,0.022773,0.007591
75,1516.94,0.8467,1.18148,0.89945,0.04059,0.3943,0.27459,0.20088,0.0459,0.69968,1.03802,0.81567,0.02258,0.022674,0.007558,0.022674,0.007558,0.022674,0.007558,0.022674,0.007558
76,1536.84,0.84076,1.1821,0.89833,0.03977,0.27349,0.29477,0.19102,0.04329,0.70142,1.05266,0.81654,0.02277,0.022575,0.007525,0.022575,0.007525,0.022575,0.007525,0.022575,0.007525
77,1556.29,0.83858,1.18917,0.89749,0.04123,0.27941,0.28323,0.20045,0.04502,0.70875,1.02878,0.82424,0.02685,0.022476,0.007492,0.022476,0.007492,0.022476,0.007492,0.022476,0.007492
78,1575.92,0.84236,1.18368,0.8974,0.04205,0.38788,0.28816,0.20348,0.04659,0.70511,1.04895,0.81682,0.023,0.022377,0.007459,0.022377,0.007459,0.022377,0.007459,0.022377,0.007459
79,1595.39,0.8438,1.18036,0.89827,0.03941,0.37985,0.27851,0.20141,0.04701,0.70305,1.02599,0.81642,0.02558,0.022278,0.007426,0.022278,0.007426,0.022278,0.007426,0.022278,0.007426
80,1614.9,0.83679,1.17616,0.89926,0.04099,0.30033,0.29201,0.20001,0.04834,0.69442,1.02689,0.81538,0.02233,0.022179,0.007393,0.022179,0.007393,0.022179,0.007393,0.022179,0.007393
81,1634.26,0.83803,1.16828,0.89865,0.04073,0.40085,0.27009,0.20033,0.04454,0.70388,1.07171,0.8169,0.02309,0.02208,0.00736,0.02208,0.00736,0.02208,0.00736,0.02208,0.00736
82,1653.78,0.83892,1.16789,0.8983,0.03988,0.36468,0.27678,0.19323,0.0458,0.71066,1.05764,0.8176,0.02254,0.021981,0.007327,0.021981,0.007327,0.021981,0.007327,0.021981,0.007327
83,1673.37,0.83482,1.16186,0.89518,0.03832,0.27224,0.30403,0.19799,0.04536,0.70911,1.0389,0.81753,0.02149,0.021882,0.007294,0.021882,0.007294,0.021882,0.007294,0.021882,0.007294
84,1693.3,0.83644,1.17536,0.89937,0.0408,0.39851,0.2675,0.18958,0.04226,0.7233,1.08273,0.82524,0.02221,0.021783,0.007261,0.021783,0.007261,0.021783,0.007261,0.021783,0.007261
85,1713.61,0.83609,1.16688,0.89887,0.04104,0.31684,0.29146,0.20723,0.05095,0.68542,1.00636,0.81203,0.02156,0.021684,0.007228,0.021684,0.007228,0.021684,0.007228,0.021684,0.007228
86,1733.36,0.8357,1.16287,0.89636,0.04049,0.38525,0.31194,0.22093,0.05256,0.68558,1.0136,0.81542,0.02249,0.021585,0.007195,0.021585,0.007195,0.021585,0.007195,0.021585,0.007195
87,1753.56,0.83688,1.1616,0.89714,0.03971,0.33105,0.30042,0.21979,0.05445,0.68251,1.00312,0.81245,0.0225,0.021486,0.007162,0.021486,0.007162,0.021486,0.007162,0.021486,0.007162
88,1773.59,0.8308,1.15963,0.89534,0.03903,0.28195,0.29756,0.20792,0.04828,0.71068,1.03558,0.81849,0.02123,0.021387,0.007129,0.021387,0.007129,0.021387,0.007129,0.021387,0.007129
89,1793.89,0.82749,1.14424,0.89432,0.03902,0.32641,0.25862,0.19884,0.04304,0.74041,1.1204,0.82571,0.02205,0.021288,0.007096,0.021288,0.007096,0.021288,0.007096,0.021288,0.007096
90,1813.56,0.83537,1.15779,0.89797,0.03905,0.3284,0.31018,0.23698,0.0558,0.68734,0.987,0.81249,0.02137,0.021189,0.007063,0.021189,0.007063,0.021189,0.007063,0.021189,0.007063
91,1833.8,0.82619,1.14797,0.89669,0.0391,0.41388,0.29325,0.22041,0.05231,0.69291,1.00679,0.81762,0.02226,0.02109,0.00703,0.02109,0.00703,0.02109,0.00703,0.02109,0.00703
92,1854.19,0.82859,1.14561,0.89181,0.03792,0.29962,0.26689,0.19129,0.04078,0.72334,1.09686,0.82207,0.02395,0.020991,0.006997,0.020991,0.006997,0.020991,0.006997,0.020991,0.006997
93,1874.63,0.82066,1.15282,0.89116,0.03826,0.29452,0.31295,0.21425,0.04804,0.6877,1.00242,0.81188,0.02073,0.020892,0.006964,0.020892,0.006964,0.020892,0.006964,0.020892,0.006964
94,1894.09,0.82037,1.14506,0.89201,0.03798,0.28767,0.30695,0.22107,0.04932,0.68583,1.00686,0.81151,0.02096,0.020793,0.006931,0.020793,0.006931,0.020793,0.006931,0.020793,0.006931
95,1913.92,0.81896,1.14013,0.89458,0.03844,0.40527,0.27693,0.20733,0.04706,0.7004,1.06499,0.81574,0.02091,0.020694,0.006898,0.020694,0.006898,0.020694,0.006898,0.020694,0.006898
96,1933.66,0.82761,1.1482,0.89669,0.03825,0.30294,0.30881,0.21765,0.05168,0.68921,1.02179,0.81341,0.02149,0.020595,0.006865,0.020595,0.006865,0.020595,0.006865,0.020595,0.006865
97,1953.6,0.82718,1.14694,0.89389,0.03812,0.43238,0.29423,0.22544,0.05036,0.69679,1.00214,0.81447,0.02086,0.020496,0.006832,0.020496,0.006832,0.020496,0.006832,0.020496,0.006832
98,1973.57,0.81908,1.12766,0.89309,0.03743,0.41653,0.28513,0.22526,0.05251,0.68779,0.9974,0.81335,0.02079,0.020397,0.006799,0.020397,0.006799,0.020397,0.006799,0.020397,0.006799
99,1993.41,0.81857,1.13147,0.8945,0.03878,0.3155,0.30474,0.23158,0.05332,0.68024,0.99044,0.81207,0.02066,0.020298,0.006766,0.020298,0.006766,0.020298,0.006766,0.020298,0.006766
100,2013.58,0.81771,1.13627,0.895,0.03864,0.33529,0.29219,0.2321,0.05707,0.68356,1.01468,0.81888,0.0256,0.020199,0.006733,0.020199,0.006733,0.020199,0.006733,0.020199,0.006733
101,2033.35,0.8317,1.14,0.8967,0.03803,0.28468,0.32118,0.22804,0.05118,0.69936,1.0297,0.81595,0.02113,0.0201,0.0067,0.0201,0.0067,0.0201,0.0067,0.0201,0.0067
102,2053.08,0.82233,1.13113,0.89364,0.03849,0.28503,0.31417,0.21853,0.04889,0.70132,1.01134,0.81505,0.02172,0.020001,0.006667,0.020001,0.006667,0.020001,0.006667,0.020001,0.006667
103,2073.06,0.81079,1.12309,0.89273,0.03816,0.31375,0.30661,0.22695,0.05069,0.69601,1.00883,0.81527,0.02091,0.019902,0.006634,0.019902,0.006634,0.019902,0.006634,0.019902,0.006634
104,2092.5,0.82242,1.1188,0.89437,0.03752,0.35691,0.29425,0.23427,0.0568,0.67329,0.96735,0.80917,0.02116,0.019803,0.006601,0.019803,0.006601,0.019803,0.006601,0.019803,0.006601
105,2111.9,0.82058,1.13706,0.89465,0.03967,0.40429,0.30079,0.22963,0.05411,0.6851,1.01426,0.81282,0.02166,0.019704,0.006568,0.019704,0.006568,0.019704,0.006568,0.019704,0.006568
106,2130.9,0.81151,1.12248,0.89151,0.03734,0.39441,0.29202,0.21873,0.04766,0.69855,1.04462,0.8142,0.02072,0.019605,0.006535,0.019605,0.006535,0.019605,0.006535,0.019605,0.006535
107,2150.23,0.81899,1.12199,0.89517,0.03819,0.29929,0.30029,0.20622,0.04554,0.70789,1.048,0.82486,0.02767,0.019506,0.006502,0.019506,0.006502,0.019506,0.006502,0.019506,0.006502
108,2169.93,0.81905,1.13177,0.8955,0.03845,0.33508,0.30965,0.23549,0.05382,0.69737,1.0003,0.81443,0.02083,0.019407,0.006469,0.019407,0.006469,0.019407,0.006469,0.019407,0.006469
109,2189.32,0.81458,1.11261,0.89395,0.03669,0.42562,0.28838,0.21714,0.04977,0.69199,1.0589,0.8132,0.02188,0.019308,0.006436,0.019308,0.006436,0.019308,0.006436,0.019308,0.006436
110,2208.83,0.82054,1.12958,0.89615,0.03866,0.30602,0.30064,0.21798,0.04908,0.71118,1.05851,0.8176,0.02115,0.019209,0.006403,0.019209,0.006403,0.019209,0.006403,0.019209,0.006403
111,2227.47,0.81616,1.12316,0.89107,0.03805,0.4226,0.30787,0.23231,0.05677,0.67009,0.96902,0.81038,0.02123,0.01911,0.00637,0.01911,0.00637,0.01911,0.00637,0.01911,0.00637
112,2246.67,0.80687,1.11355,0.88898,0.03675,0.44297,0.32124,0.24802,0.05815,0.68269,0.97287,0.81229,0.02018,0.019011,0.006337,0.019011,0.006337,0.019011,0.006337,0.019011,0.006337
113,2265.69,0.81158,1.1167,0.89395,0.03869,0.47237,0.31223,0.25039,0.06086,0.67839,0.95911,0.81244,0.02127,0.018912,0.006304,0.018912,0.006304,0.018912,0.006304,0.018912,0.006304
114,2285.19,0.81632,1.1191,0.89521,0.03748,0.45521,0.32075,0.25396,0.06185,0.67206,0.97486,0.81129,0.02044,0.018813,0.006271,0.018813,0.006271,0.018813,0.006271,0.018813,0.006271
115,2304.91,0.81051,1.11369,0.89138,0.03635,0.42095,0.31097,0.22441,0.04858,0.70953,1.04545,0.81719,0.0206,0.018714,0.006238,0.018714,0.006238,0.018714,0.006238,0.018714,0.006238
116,2324.52,0.81218,1.10858,0.89028,0.03578,0.28302,0.32613,0.22594,0.05187,0.69918,1.03529,0.81862,0.02026,0.018615,0.006205,0.018615,0.006205,0.018615,0.006205,0.018615,0.006205
117,2343.45,0.81308,1.12077,0.89501,0.03787,0.4316,0.32585,0.24425,0.05879,0.67142,0.98315,0.80967,0.01959,0.018516,0.006172,0.018516,0.006172,0.018516,0.006172,0.018516,0.006172
118,2362.78,0.80396,1.10894,0.8897,0.03624,0.37619,0.29301,0.19728,0.04183,0.74799,1.10642,0.82681,0.02088,0.018417,0.006139,0.018417,0.006139,0.018417,0.006139,0.018417,0.006139
119,2382.03,0.80578,1.10471,0.89182,0.0372,0.29454,0.31598,0.22231,0.04997,0.68761,0.99705,0.81333,0.01997,0.018318,0.006106,0.018318,0.006106,0.018318,0.006106,0.018318,0.006106
120,2401.04,0.81417,1.11565,0.89514,0.03751,0.43791,0.32314,0.25098,0.05785,0.6853,0.97276,0.81263,0.02065,0.018219,0.006073,0.018219,0.006073,0.018219,0.006073,0.018219,0.006073
121,2419.97,0.80536,1.10331,0.89189,0.03764,0.36539,0.31239,0.25703,0.06191,0.67179,0.95403,0.80934,0.01969,0.01812,0.00604,0.01812,0.00604,0.01812,0.00604,0.01812,0.00604
122,2439.13,0.81345,1.104,0.89184,0.03629,0.46033,0.32156,0.2533,0.05893,0.66758,0.96219,0.80746,0.01952,0.018021,0.006007,0.018021,0.006007,0.018021,0.006007,0.018021,0.006007
123,2458.28,0.80474,1.08727,0.88853,0.03578,0.35882,0.31397,0.25424,0.06016,0.67178,0.98933,0.80985,0.01992,0.017922,0.005974,0.017922,0.005974,0.017922,0.005974,0.017922,0.005974
124,2477.94,0.80524,1.10235,0.89387,0.03829,0.40589,0.30174,0.22419,0.04982,0.6917,1.02931,0.8152,0.02108,0.017823,0.005941,0.017823,0.005941,0.017823,0.005941,0.017823,0.005941
125,2497.38,0.7961,1.08375,0.88828,0.03592,0.34175,0.32813,0.25218,0.05958,0.67171,0.95434,0.80828,0.01965,0.017724,0.005908,0.017724,0.005908,0.017724,0.005908,0.017724,0.005908
126,2517.28,0.80372,1.09832,0.89037,0.0374,0.41765,0.30022,0.22686,0.05031,0.70578,1.01712,0.81698,0.0201,0.017625,0.005875,0.017625,0.005875,0.017625,0.005875,0.017625,0.005875
127,2537.18,0.79555,1.09313,0.88694,0.03505,0.33415,0.32567,0.23896,0.05394,0.67254,0.97533,0.80982,0.02042,0.017526,0.005842,0.017526,0.005842,0.017526,0.005842,0.017526,0.005842
128,2556.76,0.80009,1.08792,0.89073,0.03595,0.35549,0.34308,0.25399,0.05997,0.66394,0.95412,0.80709,0.01936,0.017427,0.005809,0.017427,0.005809,0.017427,0.005809,0.017427,0.005809
129,2576.16,0.80167,1.09677,0.89094,0.03715,0.32883,0.33048,0.24625,0.05609,0.68642,1.01129,0.81265,0.01995,0.017328,0.005776,0.017328,0.005776,0.017328,0.005776,0.017328,0.005776
130,2595.59,0.79836,1.07984,0.89009,0.03494,0.36326,0.32656,0.2641,0.06476,0.66383,0.94395,0.80696,0.01978,0.017229,0.005743,0.017229,0.005743,0.017229,0.005743,0.017229,0.005743
131,2614.52,0.80025,1.08913,0.8911,0.03737,0.44529,0.3211,0.25385,0.05866,0.69514,0.96958,0.81679,0.01994,0.01713,0.00571,0.01713,0.00571,0.01713,0.00571,0.01713,0.00571
132,2634.14,0.80437,1.09002,0.89211,0.03666,0.34977,0.29981,0.23478,0.05131,0.70064,1.02732,0.81699,0.02073,0.017031,0.005677,0.017031,0.005677,0.017031,0.005677,0.017031,0.005677
133,2653.4,0.80225,1.08722,0.8925,0.03633,0.39516,0.32091,0.26291,0.06607,0.6604,0.94455,0.8063,0.01911,0.016932,0.005644,0.016932,0.005644,0.016932,0.005644,0.016932,0.005644
134,2672.9,0.8042,1.0964,0.89007,0.03623,0.36088,0.31646,0.24788,0.05722,0.66566,0.98102,0.80901,0.0197,0.016833,0.005611,0.016833,0.005611,0.016833,0.005611,0.016833,0.005611
135,2692.07,0.80146,1.08944,0.89078,0.03614,0.34774,0.33071,0.2572,0.0577,0.68142,0.98769,0.81144,0.01956,0.016734,0.005578,0.016734,0.005578,0.016734,0.005578,0.016734,0.005578
136,2711.43,0.79869,1.08535,0.88641,0.03558,0.3543,0.29583,0.24263,0.0547,0.68214,0.97085,0.81421,0.01989,0.016635,0.005545,0.016635,0.005545,0.016635,0.005545,0.016635,0.005545
137,2730.64,0.79838,1.06819,0.88747,0.03583,0.37059,0.31588,0.2601,0.06176,0.66995,0.95065,0.8095,0.0193,0.016536,0.005512,0.016536,0.005512,0.016536,0.005512,0.016536,0.005512
138,2749.56,0.79292,1.07246,0.89038,0.03627,0.36058,0.33742,0.26222,0.06052,0.67592,0.95239,0.81064,0.01904,0.016437,0.005479,0.016437,0.005479,0.016437,0.005479,0.016437,0.005479
139,2768.73,0.79542,1.0838,0.89164,0.03803,0.37623,0.31581,0.26097,0.06095,0.66491,0.93918,0.80883,0.01895,0.016338,0.005446,0.016338,0.005446,0.016338,0.005446,0.016338,0.005446
140,2788.21,0.79709,1.07492,0.88915,0.03606,0.44658,0.32419,0.25746,0.05923,0.67331,0.96605,0.80973,0.01902,0.016239,0.005413,0.016239,0.005413,0.016239,0.005413,0.016239,0.005413
141,2807.08,0.79608,1.08033,0.88993,0.03682,0.44755,0.32949,0.26001,0.05949,0.66593,0.95816,0.808,0.01925,0.01614,0.00538,0.01614,0.00538,0.01614,0.00538,0.01614,0.00538
142,2826.28,0.79356,1.06954,0.89092,0.03613,0.34187,0.34628,0.26497,0.0607,0.67407,0.97315,0.80936,0.02025,0.016041,0.005347,0.016041,0.005347,0.016041,0.005347,0.016041,0.005347
143,2845.25,0.80162,1.07733,0.89004,0.03614,0.37672,0.3264,0.26699,0.06571,0.65567,0.93343,0.80455,0.01949,0.015942,0.005314,0.015942,0.005314,0.015942,0.005314,0.015942,0.005314
144,2864.36,0.79194,1.06649,0.88808,0.03563,0.39445,0.33231,0.27263,0.06698,0.65454,0.93538,0.80515,0.01906,0.015843,0.005281,0.015843,0.005281,0.015843,0.005281,0.015843,0.005281
145,2883.61,0.79843,1.06225,0.88799,0.03496,0.373,0.33762,0.26837,0.06798,0.65534,0.94605,0.80559,0.01944,0.015744,0.005248,0.015744,0.005248,0.015744,0.005248,0.015744,0.005248
146,2903.06,0.79349,1.05982,0.88678,0.03448,0.37833,0.33051,0.2668,0.06685,0.65363,0.93676,0.80464,0.01935,0.015645,0.005215,0.015645,0.005215,0.015645,0.005215,0.015645,0.005215
147,2922.01,0.78781,1.06423,0.8845,0.03528,0.32573,0.34509,0.26056,0.06062,0.67707,0.95778,0.81071,0.01943,0.015546,0.005182,0.015546,0.005182,0.015546,0.005182,0.015546,0.005182
148,2941.29,0.79177,1.06311,0.8863,0.03534,0.34889,0.33024,0.25491,0.05783,0.69404,0.98943,0.81462,0.01933,0.015447,0.005149,0.015447,0.005149,0.015447,0.005149,0.015447,0.005149
149,2960.56,0.79617,1.06729,0.88722,0.03605,0.38307,0.35884,0.27885,0.0657,0.66656,0.935,0.80804,0.01937,0.015348,0.005116,0.015348,0.005116,0.015348,0.005116,0.015348,0.005116
150,2980.07,0.79698,1.0636,0.88707,0.03517,0.36477,0.32975,0.25127,0.05816,0.66912,0.9609,0.80914,0.0193,0.015249,0.005083,0.015249,0.005083,0.015249,0.005083,0.015249,0.005083
151,2999.47,0.78588,1.06557,0.88947,0.03556,0.37761,0.34923,0.26668,0.06124,0.65747,0.93443,0.8066,0.01896,0.01515,0.00505,0.01515,0.00505,0.01515,0.00505,0.01515,0.00505
152,3018.75,0.78986,1.05952,0.88701,0.03473,0.40308,0.34114,0.27718,0.06436,0.65247,0.92875,0.80592,0.01913,0.015051,0.005017,0.015051,0.005017,0.015051,0.005017,0.015051,0.005017
153,3037.63,0.79171,1.05651,0.88779,0.03445,0.35805,0.34514,0.27495,0.06392,0.65794,0.92688,0.80582,0.01875,0.014952,0.004984,0.014952,0.004984,0.014952,0.004984,0.014952,0.004984
154,3056.7,0.78329,1.06317,0.88736,0.03618,0.43889,0.31423,0.2487,0.05525,0.68084,0.97847,0.81107,0.01964,0.014853,0.004951,0.014853,0.004951,0.014853,0.004951,0.014853,0.004951
155,3075.78,0.79258,1.06297,0.88697,0.03613,0.35367,0.34414,0.26729,0.06146,0.66701,0.94557,0.80846,0.0188,0.014754,0.004918,0.014754,0.004918,0.014754,0.004918,0.014754,0.004918
156,3095.01,0.79518,1.06028,0.88788,0.03486,0.4413,0.34345,0.28977,0.0717,0.65419,0.92194,0.80474,0.01863,0.014655,0.004885,0.014655,0.004885,0.014655,0.004885,0.014655,0.004885
157,3114.05,0.78358,1.05484,0.88593,0.03412,0.3784,0.35018,0.27735,0.06592,0.65966,0.92337,0.80679,0.01867,0.014556,0.004852,0.014556,0.004852,0.014556,0.004852,0.014556,0.004852
158,3132.74,0.79143,1.06023,0.88633,0.03444,0.37321,0.33129,0.27684,0.06602,0.66196,0.92042,0.80771,0.0194,0.014457,0.004819,0.014457,0.004819,0.014457,0.004819,0.014457,0.004819
159,3152.19,0.78529,1.04902,0.88796,0.03515,0.38484,0.33471,0.27346,0.06549,0.65748,0.91471,0.80553,0.01829,0.014358,0.004786,0.014358,0.004786,0.014358,0.004786,0.014358,0.004786
160,3171.02,0.79382,1.06681,0.88866,0.03646,0.36362,0.35058,0.27335,0.06675,0.66578,0.93126,0.80871,0.01936,0.014259,0.004753,0.014259,0.004753,0.014259,0.004753,0.014259,0.004753
161,3190.04,0.79558,1.06022,0.8892,0.03571,0.34349,0.35635,0.27571,0.06412,0.67542,0.93835,0.80942,0.01987,0.01416,0.00472,0.01416,0.00472,0.01416,0.00472,0.01416,0.00472
162,3209.36,0.78451,1.04454,0.88611,0.03341,0.35492,0.35262,0.27369,0.06218,0.68059,0.9599,0.8104,0.0189,0.014061,0.004687,0.014061,0.004687,0.014061,0.004687,0.014061,0.004687
163,3228.52,0.78128,1.03815,0.88544,0.03384,0.39059,0.35418,0.28422,0.06764,0.65619,0.92558,0.80559,0.01852,0.013962,0.004654,0.013962,0.004654,0.013962,0.004654,0.013962,0.004654
164,3247.67,0.7814,1.05412,0.88708,0.03552,0.37995,0.3582,0.28498,0.06882,0.65311,0.91471,0.80525,0.01836,0.013863,0.004621,0.013863,0.004621,0.013863,0.004621,0.013863,0.004621
165,3266.83,0.78795,1.05235,0.88786,0.03516,0.34351,0.34008,0.26064,0.05853,0.67903,0.98187,0.81072,0.01861,0.013764,0.004588,0.013764,0.004588,0.013764,0.004588,0.013764,0.004588
166,3286.02,0.78299,1.04192,0.88687,0.03469,0.34699,0.3341,0.26216,0.05824,0.67803,0.96163,0.8102,0.01865,0.013665,0.004555,0.013665,0.004555,0.013665,0.004555,0.013665,0.004555
167,3305.26,0.78742,1.04582,0.88745,0.0359,0.38475,0.33702,0.27722,0.06314,0.66491,0.93181,0.80942,0.01932,0.013566,0.004522,0.013566,0.004522,0.013566,0.004522,0.013566,0.004522
168,3324.49,0.78321,1.0365,0.88658,0.03555,0.49406,0.35132,0.29403,0.06994,0.65023,0.91285,0.80402,0.01828,0.013467,0.004489,0.013467,0.004489,0.013467,0.004489,0.013467,0.004489
169,3343.33,0.78523,1.04344,0.88534,0.03393,0.38361,0.36832,0.28893,0.06905,0.65878,0.92622,0.80618,0.0183,0.013368,0.004456,0.013368,0.004456,0.013368,0.004456,0.013368,0.004456
170,3363.07,0.77927,1.0336,0.88401,0.03449,0.36201,0.36113,0.28091,0.06375,0.66883,0.93274,0.8079,0.01862,0.013269,0.004423,0.013269,0.004423,0.013269,0.004423,0.013269,0.004423
171,3382.26,0.77766,1.04893,0.88418,0.03526,0.39066,0.36481,0.29351,0.06777,0.65714,0.91212,0.80544,0.01831,0.01317,0.00439,0.01317,0.00439,0.01317,0.00439,0.01317,0.00439
172,3401.27,0.78378,1.04267,0.88512,0.03466,0.36267,0.36372,0.28284,0.06589,0.66236,0.92203,0.80656,0.0182,0.013071,0.004357,0.013071,0.004357,0.013071,0.004357,0.013071,0.004357
173,3420.19,0.78397,1.03749,0.88598,0.03491,0.39582,0.3409,0.269,0.06301,0.67299,0.94305,0.80974,0.01881,0.012972,0.004324,0.012972,0.004324,0.012972,0.004324,0.012972,0.004324
174,3439.16,0.77152,1.02943,0.882,0.03328,0.49408,0.33974,0.28587,0.06484,0.66771,0.91961,0.80882,0.01846,0.012873,0.004291,0.012873,0.004291,0.012873,0.004291,0.012873,0.004291
175,3458.31,0.78168,1.02716,0.88355,0.0327,0.35588,0.38651,0.29391,0.06722,0.65395,0.91699,0.80513,0.01815,0.012774,0.004258,0.012774,0.004258,0.012774,0.004258,0.012774,0.004258
176,3477.64,0.77954,1.02478,0.88341,0.03439,0.37523,0.38753,0.2916,0.07109,0.64474,0.90069,0.80289,0.01796,0.012675,0.004225,0.012675,0.004225,0.012675,0.004225,0.012675,0.004225
177,3496.78,0.77976,1.04001,0.88852,0.03487,0.37206,0.3691,0.28923,0.06994,0.6473,0.8951,0.80398,0.01816,0.012576,0.004192,0.012576,0.004192,0.012576,0.004192,0.012576,0.004192
178,3515.68,0.77335,1.02811,0.88643,0.03432,0.37045,0.37277,0.29493,0.06851,0.64817,0.90674,0.80528,0.01813,0.012477,0.004159,0.012477,0.004159,0.012477,0.004159,0.012477,0.004159
179,3534.54,0.77282,1.02716,0.88392,0.03488,0.48233,0.34052,0.28235,0.06502,0.66272,0.92041,0.80729,0.0183,0.012378,0.004126,0.012378,0.004126,0.012378,0.004126,0.012378,0.004126
180,3553.62,0.77555,1.03925,0.88465,0.03469,0.48576,0.34208,0.2888,0.06708,0.66832,0.91371,0.80839,0.01837,0.012279,0.004093,0.012279,0.004093,0.012279,0.004093,0.012279,0.004093
181,3573.04,0.78589,1.04581,0.89084,0.03641,0.40069,0.35194,0.29681,0.07028,0.64805,0.89873,0.80409,0.01795,0.01218,0.00406,0.01218,0.00406,0.01218,0.00406,0.01218,0.00406
182,3591.93,0.77362,1.03241,0.88477,0.03366,0.40787,0.33768,0.2757,0.06431,0.66687,0.93822,0.80819,0.01852,0.012081,0.004027,0.012081,0.004027,0.012081,0.004027,0.012081,0.004027
183,3610.95,0.77083,1.02172,0.88457,0.0346,0.38055,0.35008,0.28856,0.06866,0.65155,0.90167,0.80444,0.01818,0.011982,0.003994,0.011982,0.003994,0.011982,0.003994,0.011982,0.003994
184,3629.72,0.77993,1.03181,0.88392,0.03563,0.40312,0.33503,0.28046,0.06491,0.66196,0.91183,0.80664,0.01809,0.011883,0.003961,0.011883,0.003961,0.011883,0.003961,0.011883,0.003961
185,3648.99,0.77012,1.0218,0.88357,0.03411,0.37557,0.33989,0.27928,0.06431,0.65896,0.91997,0.80622,0.01815,0.011784,0.003928,0.011784,0.003928,0.011784,0.003928,0.011784,0.003928
186,3668.36,0.77689,1.02327,0.88499,0.03424,0.37572,0.38802,0.28746,0.06733,0.65766,0.92374,0.80624,0.01818,0.011685,0.003895,0.011685,0.003895,0.011685,0.003895,0.011685,0.003895
187,3687.43,0.76882,1.02489,0.8806,0.03464,0.42999,0.35498,0.30141,0.07157,0.65009,0.90427,0.80397,0.01803,0.011586,0.003862,0.011586,0.003862,0.011586,0.003862,0.011586,0.003862
188,3706.61,0.77473,1.02573,0.88537,0.0353,0.40664,0.34686,0.29831,0.06891,0.65365,0.91164,0.80504,0.01798,0.011487,0.003829,0.011487,0.003829,0.011487,0.003829,0.011487,0.003829
189,3725.4,0.76903,1.01849,0.88303,0.03455,0.3891,0.34879,0.28806,0.06669,0.6624,0.92025,0.80747,0.01832,0.011388,0.003796,0.011388,0.003796,0.011388,0.003796,0.011388,0.003796
190,3745.08,0.76607,1.01325,0.88218,0.03415,0.40524,0.3655,0.29381,0.0687,0.65728,0.91316,0.80625,0.01802,0.011289,0.003763,0.011289,0.003763,0.011289,0.003763,0.011289,0.003763
191,3764.24,0.77281,1.01734,0.88182,0.03302,0.37945,0.34912,0.28587,0.06574,0.65548,0.91065,0.80527,0.01797,0.01119,0.00373,0.01119,0.00373,0.01119,0.00373,0.01119,0.00373
192,3783.3,0.77147,1.0258,0.88385,0.03525,0.38563,0.34945,0.28675,0.06563,0.65759,0.90722,0.80558,0.018,0.011091,0.003697,0.011091,0.003697,0.011091,0.003697,0.011091,0.003697
193,3802.37,0.77269,1.02006,0.88433,0.03463,0.38553,0.35573,0.29216,0.06997,0.64239,0.8927,0.80178,0.01773,0.010992,0.003664,0.010992,0.003664,0.010992,0.003664,0.010992,0.003664
194,3821.48,0.76624,1.0083,0.88324,0.03372,0.38843,0.35674,0.29344,0.06832,0.64936,0.89502,0.8037,0.0179,0.010893,0.003631,0.010893,0.003631,0.010893,0.003631,0.010893,0.003631
195,3840.45,0.773,1.0221,0.88568,0.03454,0.38829,0.36294,0.30254,0.06967,0.65229,0.8988,0.80458,0.01812,0.010794,0.003598,0.010794,0.003598,0.010794,0.003598,0.010794,0.003598
196,3859.77,0.76661,1.0015,0.88365,0.03337,0.41713,0.34076,0.29569,0.06783,0.65106,0.90024,0.80438,0.01809,0.010695,0.003565,0.010695,0.003565,0.010695,0.003565,0.010695,0.003565
197,3878.92,0.77471,1.00508,0.88278,0.03352,0.3913,0.36204,0.30038,0.06912,0.64918,0.89598,0.80405,0.01798,0.010596,0.003532,0.010596,0.003532,0.010596,0.003532,0.010596,0.003532
198,3897.87,0.77183,1.01804,0.88375,0.03473,0.38829,0.35209,0.29094,0.06599,0.66813,0.92429,0.80828,0.01835,0.010497,0.003499,0.010497,0.003499,0.010497,0.003499,0.010497,0.003499
199,3916.81,0.7744,1.00106,0.88559,0.03294,0.41391,0.36483,0.3079,0.07208,0.64901,0.89199,0.80392,0.01774,0.010398,0.003466,0.010398,0.003466,0.010398,0.003466,0.010398,0.003466
200,3936.1,0.76561,1.0165,0.882,0.03309,0.41026,0.37854,0.30811,0.07217,0.6517,0.89336,0.8046,0.0178,0.010299,0.003433,0.010299,0.003433,0.010299,0.003433,0.010299,0.003433
201,3954.96,0.77329,1.00869,0.88239,0.03322,0.422,0.37133,0.31058,0.07339,0.64892,0.8858,0.80392,0.01774,0.0102,0.0034,0.0102,0.0034,0.0102,0.0034,0.0102,0.0034
202,3974.42,0.76186,0.99922,0.88186,0.03282,0.50693,0.36906,0.30926,0.0738,0.64265,0.8872,0.80288,0.01772,0.010101,0.003367,0.010101,0.003367,0.010101,0.003367,0.010101,0.003367
203,3993.75,0.75571,0.99795,0.88022,0.03337,0.52694,0.35891,0.30967,0.073,0.6501,0.89042,0.80466,0.01792,0.010002,0.003334,0.010002,0.003334,0.010002,0.003334,0.010002,0.003334
204,4012.83,0.76829,1.01082,0.88304,0.03491,0.40325,0.37007,0.30569,0.07089,0.64869,0.89122,0.8038,0.01774,0.009903,0.003301,0.009903,0.003301,0.009903,0.003301,0.009903,0.003301
205,4031.82,0.76466,1.00899,0.88125,0.03305,0.42592,0.35173,0.30525,0.07094,0.64785,0.88913,0.80387,0.0177,0.009804,0.003268,0.009804,0.003268,0.009804,0.003268,0.009804,0.003268
206,4050.86,0.76763,1.01477,0.88215,0.03304,0.38383,0.3818,0.30357,0.07196,0.64231,0.88373,0.80273,0.0176,0.009705,0.003235,0.009705,0.003235,0.009705,0.003235,0.009705,0.003235
207,4069.56,0.76457,0.99803,0.8812,0.03317,0.46306,0.34183,0.30124,0.07244,0.64632,0.8942,0.80357,0.01762,0.009606,0.003202,0.009606,0.003202,0.009606,0.003202,0.009606,0.003202
208,4088.88,0.75979,0.99983,0.88196,0.03379,0.41771,0.3679,0.30676,0.07391,0.64537,0.8826,0.80332,0.01755,0.009507,0.003169,0.009507,0.003169,0.009507,0.003169,0.009507,0.003169
209,4107.85,0.7652,0.99487,0.88176,0.0331,0.42431,0.36191,0.30524,0.07404,0.64437,0.87985,0.80323,0.01762,0.009408,0.003136,0.009408,0.003136,0.009408,0.003136,0.009408,0.003136
210,4127.08,0.76364,0.99136,0.87775,0.03173,0.41251,0.37745,0.30502,0.07204,0.64698,0.8831,0.80367,0.01762,0.009309,0.003103,0.009309,0.003103,0.009309,0.003103,0.009309,0.003103
211,4146.32,0.75788,0.98202,0.87756,0.03219,0.42169,0.384,0.30984,0.07282,0.65269,0.88845,0.80461,0.01758,0.00921,0.00307,0.00921,0.00307,0.00921,0.00307,0.00921,0.00307
212,4165.27,0.75765,0.98652,0.87981,0.03178,0.4215,0.38181,0.30736,0.07208,0.64486,0.88294,0.80308,0.01752,0.009111,0.003037,0.009111,0.003037,0.009111,0.003037,0.009111,0.003037
213,4184.05,0.76057,1.00327,0.88363,0.03376,0.43402,0.37468,0.30805,0.07236,0.64837,0.88687,0.80411,0.01752,0.009012,0.003004,0.009012,0.003004,0.009012,0.003004,0.009012,0.003004
214,4203.31,0.76204,1.00031,0.88016,0.03339,0.4711,0.35997,0.30873,0.07327,0.64886,0.8877,0.80406,0.01748,0.008913,0.002971,0.008913,0.002971,0.008913,0.002971,0.008913,0.002971
215,4222.6,0.77034,0.99695,0.88485,0.03258,0.42179,0.38156,0.30675,0.07237,0.64637,0.88205,0.80335,0.01752,0.008814,0.002938,0.008814,0.002938,0.008814,0.002938,0.008814,0.002938
216,4241.71,0.7595,0.99581,0.8813,0.03291,0.42243,0.38699,0.30944,0.07217,0.64648,0.87935,0.80335,0.01755,0.008715,0.002905,0.008715,0.002905,0.008715,0.002905,0.008715,0.002905
217,4260.58,0.75962,0.98852,0.8815,0.03201,0.464,0.3609,0.30888,0.07365,0.64803,0.88489,0.80381,0.01743,0.008616,0.002872,0.008616,0.002872,0.008616,0.002872,0.008616,0.002872
218,4279.92,0.75916,0.98104,0.88013,0.03167,0.47392,0.36385,0.31081,0.07413,0.64685,0.8878,0.80362,0.01753,0.008517,0.002839,0.008517,0.002839,0.008517,0.002839,0.008517,0.002839
219,4299.05,0.76292,0.98081,0.8822,0.0318,0.44964,0.36585,0.31111,0.07218,0.64872,0.89052,0.80423,0.01758,0.008418,0.002806,0.008418,0.002806,0.008418,0.002806,0.008418,0.002806
220,4318.35,0.75791,0.98493,0.8817,0.03252,0.46158,0.3579,0.3074,0.06961,0.65274,0.89505,0.80548,0.01769,0.008319,0.002773,0.008319,0.002773,0.008319,0.002773,0.008319,0.002773
221,4337.12,0.75524,0.98245,0.88151,0.0324,0.46223,0.3658,0.31578,0.07397,0.64672,0.88237,0.80334,0.01757,0.00822,0.00274,0.00822,0.00274,0.00822,0.00274,0.00822,0.00274
222,4356.14,0.75574,0.9815,0.88071,0.0324,0.45507,0.36829,0.31535,0.07374,0.64552,0.87908,0.80297,0.01753,0.008121,0.002707,0.008121,0.002707,0.008121,0.002707,0.008121,0.002707
223,4375.25,0.7583,0.98099,0.87951,0.03209,0.42648,0.37807,0.31044,0.07143,0.64747,0.88081,0.80346,0.01746,0.008022,0.002674,0.008022,0.002674,0.008022,0.002674,0.008022,0.002674
224,4394.27,0.757,0.98465,0.87886,0.03175,0.42137,0.38973,0.31279,0.07277,0.64534,0.87434,0.80297,0.01746,0.007923,0.002641,0.007923,0.002641,0.007923,0.002641,0.007923,0.002641
225,4413.19,0.75232,0.97649,0.87777,0.03162,0.40984,0.38592,0.31184,0.07207,0.64524,0.87783,0.80309,0.01733,0.007824,0.002608,0.007824,0.002608,0.007824,0.002608,0.007824,0.002608
226,4431.98,0.76413,0.98291,0.8789,0.03185,0.4122,0.38912,0.31188,0.07316,0.64745,0.87955,0.80359,0.01744,0.007725,0.002575,0.007725,0.002575,0.007725,0.002575,0.007725,0.002575
227,4451.4,0.7553,0.9806,0.87912,0.03257,0.45904,0.35769,0.31329,0.07299,0.6468,0.88096,0.80362,0.0175,0.007626,0.002542,0.007626,0.002542,0.007626,0.002542,0.007626,0.002542
228,4471.04,0.7501,0.96967,0.87791,0.03241,0.4943,0.3596,0.32217,0.07672,0.64467,0.87645,0.80308,0.01748,0.007527,0.002509,0.007527,0.002509,0.007527,0.002509,0.007527,0.002509
229,4490.59,0.75256,0.97563,0.87981,0.03206,0.46589,0.36954,0.31807,0.07478,0.64327,0.87285,0.8029,0.01745,0.007428,0.002476,0.007428,0.002476,0.007428,0.002476,0.007428,0.002476
230,4509.58,0.75535,0.97851,0.87922,0.03226,0.47665,0.36788,0.31955,0.07534,0.64243,0.87251,0.80261,0.0174,0.007329,0.002443,0.007329,0.002443,0.007329,0.002443,0.007329,0.002443
231,4528.49,0.75114,0.96815,0.87807,0.03232,0.41949,0.38069,0.31493,0.07234,0.646,0.88202,0.80342,0.01743,0.00723,0.00241,0.00723,0.00241,0.00723,0.00241,0.00723,0.00241
232,4547.58,0.75265,0.96932,0.88112,0.03272,0.43671,0.36346,0.31549,0.07201,0.64619,0.88347,0.80322,0.01743,0.007131,0.002377,0.007131,0.002377,0.007131,0.002377,0.007131,0.002377
233,4566.84,0.74866,0.97133,0.87696,0.03148,0.45043,0.36057,0.3209,0.07372,0.64132,0.87158,0.8022,0.01746,0.007032,0.002344,0.007032,0.002344,0.007032,0.002344,0.007032,0.002344
234,4585.9,0.75729,0.96678,0.87826,0.03152,0.44849,0.36584,0.32237,0.07421,0.64222,0.87116,0.80212,0.01736,0.006933,0.002311,0.006933,0.002311,0.006933,0.002311,0.006933,0.002311
235,4604.88,0.74895,0.96295,0.87881,0.03169,0.46589,0.3563,0.32144,0.07424,0.64061,0.86599,0.80157,0.01735,0.006834,0.002278,0.006834,0.002278,0.006834,0.002278,0.006834,0.002278
236,4623.69,0.74964,0.96672,0.87735,0.03209,0.55743,0.35629,0.31574,0.07294,0.64601,0.87215,0.80273,0.01733,0.006735,0.002245,0.006735,0.002245,0.006735,0.002245,0.006735,0.002245
237,4643.04,0.74346,0.95164,0.8755,0.0298,0.44877,0.36022,0.31595,0.07312,0.64438,0.87323,0.80247,0.01728,0.006636,0.002212,0.006636,0.002212,0.006636,0.002212,0.006636,0.002212
238,4662.47,0.75051,0.96381,0.88133,0.03263,0.44311,0.38275,0.31588,0.07342,0.64432,0.87292,0.80269,0.01731,0.006537,0.002179,0.006537,0.002179,0.006537,0.002179,0.006537,0.002179
239,4681.64,0.74433,0.96641,0.87927,0.033,0.45601,0.37928,0.3165,0.07325,0.64657,0.87354,0.80338,0.01735,0.006438,0.002146,0.006438,0.002146,0.006438,0.002146,0.006438,0.002146
240,4700.81,0.7577,0.96666,0.8822,0.03145,0.47132,0.3682,0.31906,0.07408,0.64416,0.86983,0.80293,0.01724,0.006339,0.002113,0.006339,0.002113,0.006339,0.002113,0.006339,0.002113
241,4720.07,0.75829,0.96986,0.88233,0.03248,0.42615,0.38322,0.31517,0.07263,0.64689,0.87727,0.80349,0.01727,0.00624,0.00208,0.00624,0.00208,0.00624,0.00208,0.00624,0.00208
242,4739.29,0.75074,0.96456,0.8788,0.03193,0.4765,0.36633,0.31634,0.07336,0.64349,0.87355,0.80284,0.01725,0.006141,0.002047,0.006141,0.002047,0.006141,0.002047,0.006141,0.002047
243,4758.3,0.74651,0.95403,0.87556,0.03101,0.49056,0.35577,0.31317,0.0722,0.64625,0.87885,0.80358,0.01738,0.006042,0.002014,0.006042,0.002014,0.006042,0.002014,0.006042,0.002014
244,4777.06,0.74373,0.94626,0.87829,0.03095,0.48586,0.35441,0.31138,0.07272,0.64366,0.87398,0.803,0.01736,0.005943,0.001981,0.005943,0.001981,0.005943,0.001981,0.005943,0.001981
245,4796.03,0.7478,0.95631,0.87739,0.0322,0.46105,0.36496,0.31535,0.07564,0.63923,0.86684,0.80203,0.01722,0.005844,0.001948,0.005844,0.001948,0.005844,0.001948,0.005844,0.001948
246,4814.73,0.75177,0.95423,0.87688,0.03197,0.40511,0.39327,0.31525,0.07341,0.64441,0.8726,0.80323,0.01725,0.005745,0.001915,0.005745,0.001915,0.005745,0.001915,0.005745,0.001915
247,4833.93,0.75392,0.95892,0.87889,0.0318,0.41368,0.40798,0.31813,0.07321,0.64848,0.87566,0.80408,0.01724,0.005646,0.001882,0.005646,0.001882,0.005646,0.001882,0.005646,0.001882
248,4853.03,0.74496,0.95614,0.87825,0.0314,0.43111,0.39877,0.32268,0.07408,0.64697,0.87144,0.80382,0.01716,0.005547,0.001849,0.005547,0.001849,0.005547,0.001849,0.005547,0.001849
249,4872.03,0.7435,0.94433,0.87601,0.03005,0.43846,0.39103,0.32283,0.07395,0.64519,0.86948,0.8033,0.01711,0.005448,0.001816,0.005448,0.001816,0.005448,0.001816,0.005448,0.001816
250,4891.69,0.74782,0.95163,0.87653,0.03119,0.42738,0.38788,0.32035,0.07332,0.64547,0.87196,0.80319,0.01716,0.005349,0.001783,0.005349,0.001783,0.005349,0.001783,0.005349,0.001783
251,4911.13,0.74599,0.94654,0.8779,0.03077,0.41604,0.39817,0.32152,0.07431,0.64305,0.87134,0.80245,0.01721,0.00525,0.00175,0.00525,0.00175,0.00525,0.00175,0.00525,0.00175
252,4929.87,0.74643,0.95653,0.87781,0.03263,0.42563,0.39132,0.32243,0.07469,0.64286,0.86977,0.80252,0.01718,0.005151,0.001717,0.005151,0.001717,0.005151,0.001717,0.005151,0.001717
253,4949.23,0.74694,0.95491,0.87921,0.03173,0.42469,0.39594,0.32186,0.0746,0.64104,0.86857,0.80227,0.01715,0.005052,0.001684,0.005052,0.001684,0.005052,0.001684,0.005052,0.001684
254,4968.22,0.74241,0.95315,0.87628,0.03122,0.45068,0.36731,0.32522,0.07504,0.64068,0.86842,0.80208,0.01717,0.004953,0.001651,0.004953,0.001651,0.004953,0.001651,0.004953,0.001651
255,4987.55,0.74335,0.95366,0.87732,0.03243,0.38921,0.41637,0.3231,0.07455,0.64068,0.86889,0.80193,0.01718,0.004854,0.001618,0.004854,0.001618,0.004854,0.001618,0.004854,0.001618
256,5006.42,0.74054,0.93601,0.87439,0.03123,0.40285,0.40944,0.3245,0.07458,0.64238,0.8711,0.80221,0.01718,0.004755,0.001585,0.004755,0.001585,0.004755,0.001585,0.004755,0.001585
257,5025.48,0.73501,0.94373,0.87754,0.03114,0.41375,0.40434,0.3248,0.0741,0.64374,0.87447,0.80251,0.0172,0.004656,0.001552,0.004656,0.001552,0.004656,0.001552,0.004656,0.001552
258,5044.43,0.74262,0.93817,0.87493,0.03081,0.42485,0.41023,0.32456,0.07391,0.64312,0.87353,0.80254,0.01719,0.004557,0.001519,0.004557,0.001519,0.004557,0.001519,0.004557,0.001519
259,5063.14,0.74028,0.94498,0.87728,0.03101,0.48871,0.37506,0.32452,0.07445,0.64064,0.8683,0.80209,0.01716,0.004458,0.001486,0.004458,0.001486,0.004458,0.001486,0.004458,0.001486
260,5082.01,0.73714,0.94847,0.8762,0.03247,0.43574,0.40027,0.32655,0.07565,0.63997,0.86616,0.80191,0.01711,0.004359,0.001453,0.004359,0.001453,0.004359,0.001453,0.004359,0.001453
261,5101.19,0.74474,0.9393,0.87707,0.03131,0.42314,0.39935,0.32451,0.0752,0.64148,0.86899,0.8023,0.01711,0.00426,0.00142,0.00426,0.00142,0.00426,0.00142,0.00426,0.00142
262,5120.07,0.73852,0.93127,0.87596,0.03012,0.47603,0.38704,0.32445,0.07525,0.64271,0.86834,0.80263,0.0171,0.004161,0.001387,0.004161,0.001387,0.004161,0.001387,0.004161,0.001387
263,5139.47,0.73893,0.94185,0.87517,0.0318,0.49179,0.38312,0.325,0.0754,0.64317,0.86895,0.80292,0.01711,0.004062,0.001354,0.004062,0.001354,0.004062,0.001354,0.004062,0.001354
264,5158.41,0.73955,0.92607,0.87549,0.03073,0.4854,0.38005,0.32209,0.0753,0.64217,0.86781,0.8026,0.01711,0.003963,0.001321,0.003963,0.001321,0.003963,0.001321,0.003963,0.001321
